number,url
1,https://tenor.com/view/essica-monthly-rat-1st-gif-1938433513236071232
2,https://tenor.com/view/essica-monthly-rat-2nd-gif-9665819391326148776
3,https://tenor.com/view/essica-monthly-rat-3rd-gif-5319407502622641881
4,https://tenor.com/view/essica-monthly-rat-4th-gif-18072567980172735417
5,https://tenor.com/view/essica-monthly-rat-5th-gif-5315238133215843985
6,https://tenor.com/view/essica-monthly-rat-6th-gif-9698683540244234838
7,https://tenor.com/view/essica-monthly-rat-7th-gif-7677077750834877714
8,https://tenor.com/view/essica-monthly-rat-8th-gif-11858418961624430344
9,https://tenor.com/view/essica-monthly-rat-9th-gif-4148315096370021484
10,https://tenor.com/view/essica-monthly-rat-10th-gif-13952112242661828215
11,https://tenor.com/view/essica-monthly-rat-11th-gif-15177535879627767768
12,https://tenor.com/view/essica-monthly-rat-12th-gif-3809510418583232285
13,https://tenor.com/view/essica-monthly-rat-13th-gif-2275757692147678414
14,https://tenor.com/view/essica-monthly-rat-14th-gif-9662897157625199322
15,https://tenor.com/view/essica-monthly-rat-15th-gif-5275322186930085569
16,https://tenor.com/view/essica-monthly-rat-16th-gif-3044945613638530859
17,https://tenor.com/view/essica-monthly-rat-17th-gif-12800918966136931432
18,https://tenor.com/view/essica-monthly-rat-18th-gif-5097910237632319133
19,https://tenor.com/view/essica-monthly-rat-19th-gif-2168032034307249138
20,https://tenor.com/view/essica-monthly-rat-20th-gif-6822532094672462886
21,https://tenor.com/view/essica-monthly-rat-21st-gif-9061783330651062102
22,https://tenor.com/view/essica-monthly-rat-22nd-gif-13361103856304612297
23,https://tenor.com/view/essica-monthly-rat-23rd-gif-12844035073210231002
24,https://tenor.com/view/essica-monthly-rat-24th-gif-17097739345228531683
25,https://tenor.com/view/essica-monthly-rat-25th-gif-7244551521225997616
26,https://tenor.com/view/essica-monthly-rat-26th-gif-9428328500003861984
27,https://tenor.com/view/essica-monthly-rat-27th-gif-8823964189333436746
28,https://tenor.com/view/essica-monthly-rat-28th-gif-11125613420884251715
29,https://tenor.com/view/essica-monthly-rat-29th-gif-17727710827247490524
30,https://tenor.com/view/essica-monthly-rat-30th-gif-6482256945616567846
31,https://tenor.com/view/essica-monthly-rat-31st-gif-12786265224860854064
32,https://tenor.com/view/rats-queen-rat-queen-princess-rat-gif-8559017812807341282